"Indicator Name","Indicator Code","Country Name","Country Code","Year","Value","Disaggregation"
"Firms with female participation in ownership (% of firms)","IC.FRM.FEMO.ZS","Africa Eastern and Southern","AFE","2023","34.300",""
"Firms with female participation in ownership (% of firms)","IC.FRM.FEMO.ZS","Africa Western and Central","AFW","2023","24.600",""
"Firms with female participation in ownership (% of firms)","IC.FRM.FEMO.ZS","Arab World","ARB","2023","13.380",""
"Firms with female participation in ownership (% of firms)","IC.FRM.FEMO.ZS","Caribbean small states","CSS","2023","32.650",""
"Firms with female participation in ownership (% of firms)","IC.FRM.FEMO.ZS","Central Europe and the Baltics","CEB","2023","35.300",""
"Firms with female participation in ownership (% of firms)","IC.FRM.FEMO.ZS","Early-demographic dividend","EAR","2023","35.700",""
"Firms with female participation in ownership (% of firms)","IC.FRM.FEMO.ZS","East Asia & Pacific","EAS","2023","44.176",""
"Firms with female participation in ownership (% of firms)","IC.FRM.FEMO.ZS","East Asia & Pacific (excluding high income)","EAP","2023","44.271",""
"Firms with female participation in ownership (% of firms)","IC.FRM.FEMO.ZS","East Asia & Pacific (IDA & IBRD)","TEA","2023","44.271",""
"Firms with female participation in ownership (% of firms)","IC.FRM.FEMO.ZS","Euro area","EMU","2023","41.525",""
"Firms with female participation in ownership (% of firms)","IC.FRM.FEMO.ZS","Europe & Central Asia","ECS","2023","34.089",""
"Firms with female participation in ownership (% of firms)","IC.FRM.FEMO.ZS","Europe & Central Asia (excluding high income)","ECA","2023","26.218",""
"Firms with female participation in ownership (% of firms)","IC.FRM.FEMO.ZS","Europe & Central Asia (IDA & IBRD)","TEC","2023","27.600",""
"Firms with female participation in ownership (% of firms)","IC.FRM.FEMO.ZS","European Union","EUU","2023","39.489",""
"Firms with female participation in ownership (% of firms)","IC.FRM.FEMO.ZS","Fragile and conflict affected situations","FCS","2023","25.659",""
"Firms with female participation in ownership (% of firms)","IC.FRM.FEMO.ZS","Heavily indebted poor countries (HIPC)","HPC","2023","28.579",""
"Firms with female participation in ownership (% of firms)","IC.FRM.FEMO.ZS","High income","HIC","2023","39.043",""
"Firms with female participation in ownership (% of firms)","IC.FRM.FEMO.ZS","IBRD only","IBD","2023","35.180",""
"Firms with female participation in ownership (% of firms)","IC.FRM.FEMO.ZS","IDA & IBRD total","IBT","2023","32.321",""
"Firms with female participation in ownership (% of firms)","IC.FRM.FEMO.ZS","IDA blend","IDB","2023","31.789",""
"Firms with female participation in ownership (% of firms)","IC.FRM.FEMO.ZS","IDA only","IDX","2023","28.867",""
"Firms with female participation in ownership (% of firms)","IC.FRM.FEMO.ZS","IDA total","IDA","2023","29.404",""
"Firms with female participation in ownership (% of firms)","IC.FRM.FEMO.ZS","Late-demographic dividend","LTE","2023","35.580",""
"Firms with female participation in ownership (% of firms)","IC.FRM.FEMO.ZS","Latin America & Caribbean","LCN","2023","47.369",""
"Firms with female participation in ownership (% of firms)","IC.FRM.FEMO.ZS","Latin America & Caribbean (excluding high income)","LAC","2023","49.164",""
"Firms with female participation in ownership (% of firms)","IC.FRM.FEMO.ZS","Latin America & Caribbean (IDA & IBRD)","TLA","2023","47.369",""
"Firms with female participation in ownership (% of firms)","IC.FRM.FEMO.ZS","Least developed countries: UN classification","LDC","2023","26.739",""
"Firms with female participation in ownership (% of firms)","IC.FRM.FEMO.ZS","Low & middle income","LMY","2023","31.738",""
"Firms with female participation in ownership (% of firms)","IC.FRM.FEMO.ZS","Low income","LIC","2023","25.147",""
"Firms with female participation in ownership (% of firms)","IC.FRM.FEMO.ZS","Lower middle income","LMC","2023","30.778",""
"Firms with female participation in ownership (% of firms)","IC.FRM.FEMO.ZS","Middle East & North Africa","MEA","2023","17.400",""
"Firms with female participation in ownership (% of firms)","IC.FRM.FEMO.ZS","Middle East & North Africa (excluding high income)","MNA","2023","15.100",""
"Firms with female participation in ownership (% of firms)","IC.FRM.FEMO.ZS","Middle East & North Africa (IDA & IBRD)","TMN","2023","15.650",""
"Firms with female participation in ownership (% of firms)","IC.FRM.FEMO.ZS","Middle income","MIC","2023","33.232",""
"Firms with female participation in ownership (% of firms)","IC.FRM.FEMO.ZS","OECD members","OED","2023","40.167",""
"Firms with female participation in ownership (% of firms)","IC.FRM.FEMO.ZS","Other small states","OSS","2023","39.944",""
"Firms with female participation in ownership (% of firms)","IC.FRM.FEMO.ZS","Pacific island small states","PSS","2023","48.167",""
"Firms with female participation in ownership (% of firms)","IC.FRM.FEMO.ZS","Post-demographic dividend","PST","2023","39.404",""
"Firms with female participation in ownership (% of firms)","IC.FRM.FEMO.ZS","Pre-demographic dividend","PRE","2023","24.015",""
"Firms with female participation in ownership (% of firms)","IC.FRM.FEMO.ZS","Small states","SST","2023","40.664",""
"Firms with female participation in ownership (% of firms)","IC.FRM.FEMO.ZS","South Asia","SAS","2023","12.617",""
"Firms with female participation in ownership (% of firms)","IC.FRM.FEMO.ZS","South Asia (IDA & IBRD)","TSA","2023","12.617",""
"Firms with female participation in ownership (% of firms)","IC.FRM.FEMO.ZS","Sub-Saharan Africa","SSF","2023","29.866",""
"Firms with female participation in ownership (% of firms)","IC.FRM.FEMO.ZS","Sub-Saharan Africa (excluding high income)","SSA","2023","28.962",""
"Firms with female participation in ownership (% of firms)","IC.FRM.FEMO.ZS","Sub-Saharan Africa (IDA & IBRD)","TSS","2023","29.866",""
"Firms with female participation in ownership (% of firms)","IC.FRM.FEMO.ZS","Upper middle income","UMC","2023","36.191",""
"Firms with female participation in ownership (% of firms)","IC.FRM.FEMO.ZS","World","WLD","2023","33.751",""
"Firms with female participation in ownership (% of firms)","IC.FRM.FEMO.ZS","Afghanistan","AFG","2014","2.200",""
"Firms with female participation in ownership (% of firms)","IC.FRM.FEMO.ZS","Afghanistan","AFG","2008","2.800",""
"Firms with female participation in ownership (% of firms)","IC.FRM.FEMO.ZS","Albania","ALB","2019","20.700",""
"Firms with female participation in ownership (% of firms)","IC.FRM.FEMO.ZS","Albania","ALB","2013","13.100",""
"Firms with female participation in ownership (% of firms)","IC.FRM.FEMO.ZS","Albania","ALB","2007","10.800",""
"Firms with female participation in ownership (% of firms)","IC.FRM.FEMO.ZS","Albania","ALB","2005","12.800",""
"Firms with female participation in ownership (% of firms)","IC.FRM.FEMO.ZS","Algeria","DZA","2007","15.000",""
"Firms with female participation in ownership (% of firms)","IC.FRM.FEMO.ZS","Angola","AGO","2010","56.600",""
"Firms with female participation in ownership (% of firms)","IC.FRM.FEMO.ZS","Angola","AGO","2006","23.400",""
"Firms with female participation in ownership (% of firms)","IC.FRM.FEMO.ZS","Antigua and Barbuda","ATG","2010","21.300",""
"Firms with female participation in ownership (% of firms)","IC.FRM.FEMO.ZS","Argentina","ARG","2017","57.800",""
"Firms with female participation in ownership (% of firms)","IC.FRM.FEMO.ZS","Argentina","ARG","2010","38.000",""
"Firms with female participation in ownership (% of firms)","IC.FRM.FEMO.ZS","Argentina","ARG","2006","30.300",""
"Firms with female participation in ownership (% of firms)","IC.FRM.FEMO.ZS","Armenia","ARM","2020","27.400",""
"Firms with female participation in ownership (% of firms)","IC.FRM.FEMO.ZS","Armenia","ARM","2013","24.400",""
"Firms with female participation in ownership (% of firms)","IC.FRM.FEMO.ZS","Armenia","ARM","2009","31.800",""
"Firms with female participation in ownership (% of firms)","IC.FRM.FEMO.ZS","Armenia","ARM","2005","11.500",""
"Firms with female participation in ownership (% of firms)","IC.FRM.FEMO.ZS","Austria","AUT","2021","36.900",""
"Firms with female participation in ownership (% of firms)","IC.FRM.FEMO.ZS","Azerbaijan","AZE","2019","15.300",""
"Firms with female participation in ownership (% of firms)","IC.FRM.FEMO.ZS","Azerbaijan","AZE","2013","4.000",""
"Firms with female participation in ownership (% of firms)","IC.FRM.FEMO.ZS","Azerbaijan","AZE","2009","10.800",""
"Firms with female participation in ownership (% of firms)","IC.FRM.FEMO.ZS","Azerbaijan","AZE","2005","14.600",""
"Firms with female participation in ownership (% of firms)","IC.FRM.FEMO.ZS","Bahamas, The","BHS","2010","58.300",""
"Firms with female participation in ownership (% of firms)","IC.FRM.FEMO.ZS","Bangladesh","BGD","2022","6.700",""
"Firms with female participation in ownership (% of firms)","IC.FRM.FEMO.ZS","Bangladesh","BGD","2013","12.700",""
"Firms with female participation in ownership (% of firms)","IC.FRM.FEMO.ZS","Bangladesh","BGD","2007","16.100",""
"Firms with female participation in ownership (% of firms)","IC.FRM.FEMO.ZS","Barbados","BRB","2023","32.600",""
"Firms with female participation in ownership (% of firms)","IC.FRM.FEMO.ZS","Barbados","BRB","2010","43.500",""
"Firms with female participation in ownership (% of firms)","IC.FRM.FEMO.ZS","Belarus","BLR","2018","45.500",""
"Firms with female participation in ownership (% of firms)","IC.FRM.FEMO.ZS","Belarus","BLR","2013","46.200",""
"Firms with female participation in ownership (% of firms)","IC.FRM.FEMO.ZS","Belarus","BLR","2008","52.900",""
"Firms with female participation in ownership (% of firms)","IC.FRM.FEMO.ZS","Belarus","BLR","2005","18.600",""
"Firms with female participation in ownership (% of firms)","IC.FRM.FEMO.ZS","Belgium","BEL","2020","44.200",""
"Firms with female participation in ownership (% of firms)","IC.FRM.FEMO.ZS","Belize","BLZ","2010","30.400",""
"Firms with female participation in ownership (% of firms)","IC.FRM.FEMO.ZS","Benin","BEN","2016","36.700",""
"Firms with female participation in ownership (% of firms)","IC.FRM.FEMO.ZS","Benin","BEN","2009","45.400",""
"Firms with female participation in ownership (% of firms)","IC.FRM.FEMO.ZS","Bhutan","BTN","2015","43.300",""
"Firms with female participation in ownership (% of firms)","IC.FRM.FEMO.ZS","Bhutan","BTN","2009","31.300",""
"Firms with female participation in ownership (% of firms)","IC.FRM.FEMO.ZS","Bolivia","BOL","2017","68.600",""
"Firms with female participation in ownership (% of firms)","IC.FRM.FEMO.ZS","Bolivia","BOL","2010","41.300",""
"Firms with female participation in ownership (% of firms)","IC.FRM.FEMO.ZS","Bolivia","BOL","2006","41.100",""
"Firms with female participation in ownership (% of firms)","IC.FRM.FEMO.ZS","Bosnia and Herzegovina","BIH","2023","23.700",""
"Firms with female participation in ownership (% of firms)","IC.FRM.FEMO.ZS","Bosnia and Herzegovina","BIH","2019","24.900",""
"Firms with female participation in ownership (% of firms)","IC.FRM.FEMO.ZS","Bosnia and Herzegovina","BIH","2013","22.800",""
"Firms with female participation in ownership (% of firms)","IC.FRM.FEMO.ZS","Bosnia and Herzegovina","BIH","2009","32.800",""
"Firms with female participation in ownership (% of firms)","IC.FRM.FEMO.ZS","Bosnia and Herzegovina","BIH","2005","21.600",""
"Firms with female participation in ownership (% of firms)","IC.FRM.FEMO.ZS","Botswana","BWA","2023","35.100",""
"Firms with female participation in ownership (% of firms)","IC.FRM.FEMO.ZS","Botswana","BWA","2010","55.300",""
"Firms with female participation in ownership (% of firms)","IC.FRM.FEMO.ZS","Botswana","BWA","2006","40.900",""
"Firms with female participation in ownership (% of firms)","IC.FRM.FEMO.ZS","Brazil","BRA","2009","50.200",""
"Firms with female participation in ownership (% of firms)","IC.FRM.FEMO.ZS","Bulgaria","BGR","2023","29.500",""
"Firms with female participation in ownership (% of firms)","IC.FRM.FEMO.ZS","Bulgaria","BGR","2019","41.700",""
"Firms with female participation in ownership (% of firms)","IC.FRM.FEMO.ZS","Bulgaria","BGR","2013","41.500",""
"Firms with female participation in ownership (% of firms)","IC.FRM.FEMO.ZS","Bulgaria","BGR","2009","33.900",""
"Firms with female participation in ownership (% of firms)","IC.FRM.FEMO.ZS","Bulgaria","BGR","2007","39.200",""
"Firms with female participation in ownership (% of firms)","IC.FRM.FEMO.ZS","Bulgaria","BGR","2005","28.800",""
"Firms with female participation in ownership (% of firms)","IC.FRM.FEMO.ZS","Burkina Faso","BFA","2009","19.200",""
"Firms with female participation in ownership (% of firms)","IC.FRM.FEMO.ZS","Burkina Faso","BFA","2006","23.300",""
"Firms with female participation in ownership (% of firms)","IC.FRM.FEMO.ZS","Burundi","BDI","2014","44.000",""
"Firms with female participation in ownership (% of firms)","IC.FRM.FEMO.ZS","Burundi","BDI","2006","34.800",""
"Firms with female participation in ownership (% of firms)","IC.FRM.FEMO.ZS","Cabo Verde","CPV","2009","33.100",""
"Firms with female participation in ownership (% of firms)","IC.FRM.FEMO.ZS","Cabo Verde","CPV","2006","42.700",""
"Firms with female participation in ownership (% of firms)","IC.FRM.FEMO.ZS","Cambodia","KHM","2023","40.400",""
"Firms with female participation in ownership (% of firms)","IC.FRM.FEMO.ZS","Cambodia","KHM","2016","46.200",""
"Firms with female participation in ownership (% of firms)","IC.FRM.FEMO.ZS","Cameroon","CMR","2016","39.700",""
"Firms with female participation in ownership (% of firms)","IC.FRM.FEMO.ZS","Cameroon","CMR","2009","15.700",""
"Firms with female participation in ownership (% of firms)","IC.FRM.FEMO.ZS","Cameroon","CMR","2006","35.300",""
"Firms with female participation in ownership (% of firms)","IC.FRM.FEMO.ZS","Central African Republic","CAF","2023","57.500",""
"Firms with female participation in ownership (% of firms)","IC.FRM.FEMO.ZS","Central African Republic","CAF","2011","53.300",""
"Firms with female participation in ownership (% of firms)","IC.FRM.FEMO.ZS","Chad","TCD","2023","10.700",""
"Firms with female participation in ownership (% of firms)","IC.FRM.FEMO.ZS","Chad","TCD","2018","13.100",""
"Firms with female participation in ownership (% of firms)","IC.FRM.FEMO.ZS","Chad","TCD","2009","40.100",""
"Firms with female participation in ownership (% of firms)","IC.FRM.FEMO.ZS","Chile","CHL","2010","29.600",""
"Firms with female participation in ownership (% of firms)","IC.FRM.FEMO.ZS","Chile","CHL","2006","27.800",""
"Firms with female participation in ownership (% of firms)","IC.FRM.FEMO.ZS","China","CHN","2012","64.200",""
"Firms with female participation in ownership (% of firms)","IC.FRM.FEMO.ZS","Colombia","COL","2023","62.500",""
"Firms with female participation in ownership (% of firms)","IC.FRM.FEMO.ZS","Colombia","COL","2017","66.900",""
"Firms with female participation in ownership (% of firms)","IC.FRM.FEMO.ZS","Colombia","COL","2010","35.300",""
"Firms with female participation in ownership (% of firms)","IC.FRM.FEMO.ZS","Colombia","COL","2006","43.000",""
"Firms with female participation in ownership (% of firms)","IC.FRM.FEMO.ZS","Congo, Dem. Rep.","COD","2013","15.100",""
"Firms with female participation in ownership (% of firms)","IC.FRM.FEMO.ZS","Congo, Dem. Rep.","COD","2010","38.900",""
"Firms with female participation in ownership (% of firms)","IC.FRM.FEMO.ZS","Congo, Dem. Rep.","COD","2006","21.200",""
"Firms with female participation in ownership (% of firms)","IC.FRM.FEMO.ZS","Congo, Rep.","COG","2009","31.800",""
"Firms with female participation in ownership (% of firms)","IC.FRM.FEMO.ZS","Costa Rica","CRI","2023","53.000",""
"Firms with female participation in ownership (% of firms)","IC.FRM.FEMO.ZS","Costa Rica","CRI","2010","43.500",""
"Firms with female participation in ownership (% of firms)","IC.FRM.FEMO.ZS","Costa Rica","CRI","2005","65.300",""
"Firms with female participation in ownership (% of firms)","IC.FRM.FEMO.ZS","Cote d'Ivoire","CIV","2023","22.500",""
"Firms with female participation in ownership (% of firms)","IC.FRM.FEMO.ZS","Cote d'Ivoire","CIV","2016","24.400",""
"Firms with female participation in ownership (% of firms)","IC.FRM.FEMO.ZS","Cote d'Ivoire","CIV","2009","61.900",""
"Firms with female participation in ownership (% of firms)","IC.FRM.FEMO.ZS","Croatia","HRV","2023","34.300",""
"Firms with female participation in ownership (% of firms)","IC.FRM.FEMO.ZS","Croatia","HRV","2019","31.700",""
"Firms with female participation in ownership (% of firms)","IC.FRM.FEMO.ZS","Croatia","HRV","2013","36.300",""
"Firms with female participation in ownership (% of firms)","IC.FRM.FEMO.ZS","Croatia","HRV","2007","33.500",""
"Firms with female participation in ownership (% of firms)","IC.FRM.FEMO.ZS","Croatia","HRV","2005","19.200",""
"Firms with female participation in ownership (% of firms)","IC.FRM.FEMO.ZS","Cyprus","CYP","2019","45.100",""
"Firms with female participation in ownership (% of firms)","IC.FRM.FEMO.ZS","Czechia","CZE","2019","29.900",""
"Firms with female participation in ownership (% of firms)","IC.FRM.FEMO.ZS","Czechia","CZE","2013","30.400",""
"Firms with female participation in ownership (% of firms)","IC.FRM.FEMO.ZS","Czechia","CZE","2009","25.000",""
"Firms with female participation in ownership (% of firms)","IC.FRM.FEMO.ZS","Czechia","CZE","2005","17.800",""
"Firms with female participation in ownership (% of firms)","IC.FRM.FEMO.ZS","Denmark","DNK","2020","31.800",""
"Firms with female participation in ownership (% of firms)","IC.FRM.FEMO.ZS","Djibouti","DJI","2013","22.300",""
"Firms with female participation in ownership (% of firms)","IC.FRM.FEMO.ZS","Dominica","DMA","2010","41.000",""
"Firms with female participation in ownership (% of firms)","IC.FRM.FEMO.ZS","Dominican Republic","DOM","2016","32.200",""
"Firms with female participation in ownership (% of firms)","IC.FRM.FEMO.ZS","Dominican Republic","DOM","2010","30.000",""
"Firms with female participation in ownership (% of firms)","IC.FRM.FEMO.ZS","Ecuador","ECU","2017","70.400",""
"Firms with female participation in ownership (% of firms)","IC.FRM.FEMO.ZS","Ecuador","ECU","2010","24.100",""
"Firms with female participation in ownership (% of firms)","IC.FRM.FEMO.ZS","Ecuador","ECU","2006","32.700",""
"Firms with female participation in ownership (% of firms)","IC.FRM.FEMO.ZS","Egypt, Arab Rep.","EGY","2020","5.200",""
"Firms with female participation in ownership (% of firms)","IC.FRM.FEMO.ZS","Egypt, Arab Rep.","EGY","2016","17.800",""
"Firms with female participation in ownership (% of firms)","IC.FRM.FEMO.ZS","Egypt, Arab Rep.","EGY","2013","16.100",""
"Firms with female participation in ownership (% of firms)","IC.FRM.FEMO.ZS","Egypt, Arab Rep.","EGY","2008","34.000",""
"Firms with female participation in ownership (% of firms)","IC.FRM.FEMO.ZS","Egypt, Arab Rep.","EGY","2007","20.900",""
"Firms with female participation in ownership (% of firms)","IC.FRM.FEMO.ZS","El Salvador","SLV","2023","55.500",""
"Firms with female participation in ownership (% of firms)","IC.FRM.FEMO.ZS","El Salvador","SLV","2016","38.400",""
"Firms with female participation in ownership (% of firms)","IC.FRM.FEMO.ZS","El Salvador","SLV","2010","40.200",""
"Firms with female participation in ownership (% of firms)","IC.FRM.FEMO.ZS","El Salvador","SLV","2006","39.600",""
"Firms with female participation in ownership (% of firms)","IC.FRM.FEMO.ZS","Eritrea","ERI","2009","4.200",""
"Firms with female participation in ownership (% of firms)","IC.FRM.FEMO.ZS","Estonia","EST","2023","38.000",""
"Firms with female participation in ownership (% of firms)","IC.FRM.FEMO.ZS","Estonia","EST","2019","35.500",""
"Firms with female participation in ownership (% of firms)","IC.FRM.FEMO.ZS","Estonia","EST","2013","38.300",""
"Firms with female participation in ownership (% of firms)","IC.FRM.FEMO.ZS","Estonia","EST","2009","36.300",""
"Firms with female participation in ownership (% of firms)","IC.FRM.FEMO.ZS","Estonia","EST","2005","28.300",""
"Firms with female participation in ownership (% of firms)","IC.FRM.FEMO.ZS","Eswatini","SWZ","2016","36.000",""
"Firms with female participation in ownership (% of firms)","IC.FRM.FEMO.ZS","Eswatini","SWZ","2006","28.600",""
"Firms with female participation in ownership (% of firms)","IC.FRM.FEMO.ZS","Ethiopia","ETH","2015","36.200",""
"Firms with female participation in ownership (% of firms)","IC.FRM.FEMO.ZS","Ethiopia","ETH","2011","35.300",""
"Firms with female participation in ownership (% of firms)","IC.FRM.FEMO.ZS","Ethiopia","ETH","2006","30.900",""
"Firms with female participation in ownership (% of firms)","IC.FRM.FEMO.ZS","Fiji","FJI","2009","49.100",""
"Firms with female participation in ownership (% of firms)","IC.FRM.FEMO.ZS","Finland","FIN","2020","44.000",""
"Firms with female participation in ownership (% of firms)","IC.FRM.FEMO.ZS","France","FRA","2021","51.200",""
"Firms with female participation in ownership (% of firms)","IC.FRM.FEMO.ZS","Gabon","GAB","2009","33.100",""
"Firms with female participation in ownership (% of firms)","IC.FRM.FEMO.ZS","Gambia, The","GMB","2023","17.100",""
"Firms with female participation in ownership (% of firms)","IC.FRM.FEMO.ZS","Gambia, The","GMB","2018","16.800",""
"Firms with female participation in ownership (% of firms)","IC.FRM.FEMO.ZS","Gambia, The","GMB","2006","21.300",""
"Firms with female participation in ownership (% of firms)","IC.FRM.FEMO.ZS","Georgia","GEO","2023","29.500",""
"Firms with female participation in ownership (% of firms)","IC.FRM.FEMO.ZS","Georgia","GEO","2019","22.400",""
"Firms with female participation in ownership (% of firms)","IC.FRM.FEMO.ZS","Georgia","GEO","2013","36.100",""
"Firms with female participation in ownership (% of firms)","IC.FRM.FEMO.ZS","Georgia","GEO","2008","40.800",""
"Firms with female participation in ownership (% of firms)","IC.FRM.FEMO.ZS","Georgia","GEO","2005","35.200",""
"Firms with female participation in ownership (% of firms)","IC.FRM.FEMO.ZS","Germany","DEU","2021","33.500",""
"Firms with female participation in ownership (% of firms)","IC.FRM.FEMO.ZS","Germany","DEU","2005","20.300",""
"Firms with female participation in ownership (% of firms)","IC.FRM.FEMO.ZS","Ghana","GHA","2023","35.000",""
"Firms with female participation in ownership (% of firms)","IC.FRM.FEMO.ZS","Ghana","GHA","2013","31.600",""
"Firms with female participation in ownership (% of firms)","IC.FRM.FEMO.ZS","Ghana","GHA","2007","44.000",""
"Firms with female participation in ownership (% of firms)","IC.FRM.FEMO.ZS","Greece","GRC","2023","43.900",""
"Firms with female participation in ownership (% of firms)","IC.FRM.FEMO.ZS","Greece","GRC","2018","45.900",""
"Firms with female participation in ownership (% of firms)","IC.FRM.FEMO.ZS","Greece","GRC","2005","24.400",""
"Firms with female participation in ownership (% of firms)","IC.FRM.FEMO.ZS","Grenada","GRD","2010","57.300",""
"Firms with female participation in ownership (% of firms)","IC.FRM.FEMO.ZS","Guatemala","GTM","2017","31.500",""
"Firms with female participation in ownership (% of firms)","IC.FRM.FEMO.ZS","Guatemala","GTM","2010","44.200",""
"Firms with female participation in ownership (% of firms)","IC.FRM.FEMO.ZS","Guatemala","GTM","2006","28.400",""
"Firms with female participation in ownership (% of firms)","IC.FRM.FEMO.ZS","Guinea","GIN","2016","9.000",""
"Firms with female participation in ownership (% of firms)","IC.FRM.FEMO.ZS","Guinea","GIN","2006","25.400",""
"Firms with female participation in ownership (% of firms)","IC.FRM.FEMO.ZS","Guinea-Bissau","GNB","2006","19.900",""
"Firms with female participation in ownership (% of firms)","IC.FRM.FEMO.ZS","Guyana","GUY","2010","58.300",""
"Firms with female participation in ownership (% of firms)","IC.FRM.FEMO.ZS","Honduras","HND","2016","54.700",""
"Firms with female participation in ownership (% of firms)","IC.FRM.FEMO.ZS","Honduras","HND","2010","43.300",""
"Firms with female participation in ownership (% of firms)","IC.FRM.FEMO.ZS","Honduras","HND","2006","39.900",""
"Firms with female participation in ownership (% of firms)","IC.FRM.FEMO.ZS","Hong Kong SAR, China","HKG","2023","37.100",""
"Firms with female participation in ownership (% of firms)","IC.FRM.FEMO.ZS","Hungary","HUN","2023","43.500",""
"Firms with female participation in ownership (% of firms)","IC.FRM.FEMO.ZS","Hungary","HUN","2019","51.900",""
"Firms with female participation in ownership (% of firms)","IC.FRM.FEMO.ZS","Hungary","HUN","2013","48.700",""
"Firms with female participation in ownership (% of firms)","IC.FRM.FEMO.ZS","Hungary","HUN","2009","42.400",""
"Firms with female participation in ownership (% of firms)","IC.FRM.FEMO.ZS","Hungary","HUN","2005","36.500",""
"Firms with female participation in ownership (% of firms)","IC.FRM.FEMO.ZS","India","IND","2022","3.900",""
"Firms with female participation in ownership (% of firms)","IC.FRM.FEMO.ZS","India","IND","2014","10.700",""
"Firms with female participation in ownership (% of firms)","IC.FRM.FEMO.ZS","India","IND","2006","9.100",""
"Firms with female participation in ownership (% of firms)","IC.FRM.FEMO.ZS","Indonesia","IDN","2023","59.400",""
"Firms with female participation in ownership (% of firms)","IC.FRM.FEMO.ZS","Indonesia","IDN","2015","22.100",""
"Firms with female participation in ownership (% of firms)","IC.FRM.FEMO.ZS","Indonesia","IDN","2009","42.800",""
"Firms with female participation in ownership (% of firms)","IC.FRM.FEMO.ZS","Iraq","IRQ","2022","3.800",""
"Firms with female participation in ownership (% of firms)","IC.FRM.FEMO.ZS","Iraq","IRQ","2011","6.800",""
"Firms with female participation in ownership (% of firms)","IC.FRM.FEMO.ZS","Ireland","IRL","2020","54.900",""
"Firms with female participation in ownership (% of firms)","IC.FRM.FEMO.ZS","Ireland","IRL","2005","41.600",""
"Firms with female participation in ownership (% of firms)","IC.FRM.FEMO.ZS","Israel","ISR","2013","27.300",""
"Firms with female participation in ownership (% of firms)","IC.FRM.FEMO.ZS","Italy","ITA","2019","24.000",""
"Firms with female participation in ownership (% of firms)","IC.FRM.FEMO.ZS","Jamaica","JAM","2010","38.200",""
"Firms with female participation in ownership (% of firms)","IC.FRM.FEMO.ZS","Jordan","JOR","2019","22.600",""
"Firms with female participation in ownership (% of firms)","IC.FRM.FEMO.ZS","Jordan","JOR","2013","15.700",""
"Firms with female participation in ownership (% of firms)","IC.FRM.FEMO.ZS","Jordan","JOR","2006","13.100",""
"Firms with female participation in ownership (% of firms)","IC.FRM.FEMO.ZS","Kazakhstan","KAZ","2019","30.500",""
"Firms with female participation in ownership (% of firms)","IC.FRM.FEMO.ZS","Kazakhstan","KAZ","2013","29.600",""
"Firms with female participation in ownership (% of firms)","IC.FRM.FEMO.ZS","Kazakhstan","KAZ","2009","34.400",""
"Firms with female participation in ownership (% of firms)","IC.FRM.FEMO.ZS","Kazakhstan","KAZ","2005","29.400",""
"Firms with female participation in ownership (% of firms)","IC.FRM.FEMO.ZS","Kenya","KEN","2018","47.500",""
"Firms with female participation in ownership (% of firms)","IC.FRM.FEMO.ZS","Kenya","KEN","2013","48.700",""
"Firms with female participation in ownership (% of firms)","IC.FRM.FEMO.ZS","Kenya","KEN","2007","37.100",""
"Firms with female participation in ownership (% of firms)","IC.FRM.FEMO.ZS","Korea, Rep.","KOR","2005","19.100",""
"Firms with female participation in ownership (% of firms)","IC.FRM.FEMO.ZS","Kosovo","XKX","2019","7.300",""
"Firms with female participation in ownership (% of firms)","IC.FRM.FEMO.ZS","Kosovo","XKX","2013","13.200",""
"Firms with female participation in ownership (% of firms)","IC.FRM.FEMO.ZS","Kosovo","XKX","2009","10.900",""
"Firms with female participation in ownership (% of firms)","IC.FRM.FEMO.ZS","Kyrgyz Republic","KGZ","2023","34.300",""
"Firms with female participation in ownership (% of firms)","IC.FRM.FEMO.ZS","Kyrgyz Republic","KGZ","2019","45.000",""
"Firms with female participation in ownership (% of firms)","IC.FRM.FEMO.ZS","Kyrgyz Republic","KGZ","2013","51.200",""
"Firms with female participation in ownership (% of firms)","IC.FRM.FEMO.ZS","Kyrgyz Republic","KGZ","2009","60.400",""
"Firms with female participation in ownership (% of firms)","IC.FRM.FEMO.ZS","Kyrgyz Republic","KGZ","2005","26.300",""
"Firms with female participation in ownership (% of firms)","IC.FRM.FEMO.ZS","Lao PDR","LAO","2018","36.500",""
"Firms with female participation in ownership (% of firms)","IC.FRM.FEMO.ZS","Lao PDR","LAO","2016","43.100",""
"Firms with female participation in ownership (% of firms)","IC.FRM.FEMO.ZS","Lao PDR","LAO","2012","41.900",""
"Firms with female participation in ownership (% of firms)","IC.FRM.FEMO.ZS","Lao PDR","LAO","2009","39.300",""
"Firms with female participation in ownership (% of firms)","IC.FRM.FEMO.ZS","Latvia","LVA","2019","46.600",""
"Firms with female participation in ownership (% of firms)","IC.FRM.FEMO.ZS","Latvia","LVA","2013","41.600",""
"Firms with female participation in ownership (% of firms)","IC.FRM.FEMO.ZS","Latvia","LVA","2009","46.300",""
"Firms with female participation in ownership (% of firms)","IC.FRM.FEMO.ZS","Latvia","LVA","2005","36.300",""
"Firms with female participation in ownership (% of firms)","IC.FRM.FEMO.ZS","Lebanon","LBN","2019","9.900",""
"Firms with female participation in ownership (% of firms)","IC.FRM.FEMO.ZS","Lebanon","LBN","2013","43.500",""
"Firms with female participation in ownership (% of firms)","IC.FRM.FEMO.ZS","Lebanon","LBN","2009","33.500",""
"Firms with female participation in ownership (% of firms)","IC.FRM.FEMO.ZS","Lesotho","LSO","2023","55.400",""
"Firms with female participation in ownership (% of firms)","IC.FRM.FEMO.ZS","Lesotho","LSO","2016","39.100",""
"Firms with female participation in ownership (% of firms)","IC.FRM.FEMO.ZS","Lesotho","LSO","2009","18.400",""
"Firms with female participation in ownership (% of firms)","IC.FRM.FEMO.ZS","Liberia","LBR","2017","37.400",""
"Firms with female participation in ownership (% of firms)","IC.FRM.FEMO.ZS","Liberia","LBR","2009","53.000",""
"Firms with female participation in ownership (% of firms)","IC.FRM.FEMO.ZS","Lithuania","LTU","2019","43.100",""
"Firms with female participation in ownership (% of firms)","IC.FRM.FEMO.ZS","Lithuania","LTU","2013","35.700",""
"Firms with female participation in ownership (% of firms)","IC.FRM.FEMO.ZS","Lithuania","LTU","2009","38.700",""
"Firms with female participation in ownership (% of firms)","IC.FRM.FEMO.ZS","Lithuania","LTU","2005","26.100",""
"Firms with female participation in ownership (% of firms)","IC.FRM.FEMO.ZS","Lithuania","LTU","2004","33.300",""
"Firms with female participation in ownership (% of firms)","IC.FRM.FEMO.ZS","Luxembourg","LUX","2020","40.500",""
"Firms with female participation in ownership (% of firms)","IC.FRM.FEMO.ZS","Madagascar","MDG","2022","24.200",""
"Firms with female participation in ownership (% of firms)","IC.FRM.FEMO.ZS","Madagascar","MDG","2013","41.600",""
"Firms with female participation in ownership (% of firms)","IC.FRM.FEMO.ZS","Madagascar","MDG","2009","50.000",""
"Firms with female participation in ownership (% of firms)","IC.FRM.FEMO.ZS","Malawi","MWI","2014","28.100",""
"Firms with female participation in ownership (% of firms)","IC.FRM.FEMO.ZS","Malawi","MWI","2009","23.900",""
"Firms with female participation in ownership (% of firms)","IC.FRM.FEMO.ZS","Malaysia","MYS","2019","40.900",""
"Firms with female participation in ownership (% of firms)","IC.FRM.FEMO.ZS","Malaysia","MYS","2015","25.400",""
"Firms with female participation in ownership (% of firms)","IC.FRM.FEMO.ZS","Malaysia","MYS","2007","13.100",""
"Firms with female participation in ownership (% of firms)","IC.FRM.FEMO.ZS","Mali","MLI","2016","15.300",""
"Firms with female participation in ownership (% of firms)","IC.FRM.FEMO.ZS","Mali","MLI","2010","58.300",""
"Firms with female participation in ownership (% of firms)","IC.FRM.FEMO.ZS","Mali","MLI","2007","18.300",""
"Firms with female participation in ownership (% of firms)","IC.FRM.FEMO.ZS","Malta","MLT","2019","46.000",""
"Firms with female participation in ownership (% of firms)","IC.FRM.FEMO.ZS","Mauritania","MRT","2014","15.000",""
"Firms with female participation in ownership (% of firms)","IC.FRM.FEMO.ZS","Mauritania","MRT","2006","17.300",""
"Firms with female participation in ownership (% of firms)","IC.FRM.FEMO.ZS","Mauritius","MUS","2023","39.600",""
"Firms with female participation in ownership (% of firms)","IC.FRM.FEMO.ZS","Mauritius","MUS","2009","16.900",""
"Firms with female participation in ownership (% of firms)","IC.FRM.FEMO.ZS","Mexico","MEX","2023","14.900",""
"Firms with female participation in ownership (% of firms)","IC.FRM.FEMO.ZS","Mexico","MEX","2010","25.700",""
"Firms with female participation in ownership (% of firms)","IC.FRM.FEMO.ZS","Mexico","MEX","2006","24.800",""
"Firms with female participation in ownership (% of firms)","IC.FRM.FEMO.ZS","Micronesia, Fed. Sts.","FSM","2009","86.800",""
"Firms with female participation in ownership (% of firms)","IC.FRM.FEMO.ZS","Moldova","MDA","2019","39.900",""
"Firms with female participation in ownership (% of firms)","IC.FRM.FEMO.ZS","Moldova","MDA","2013","54.100",""
"Firms with female participation in ownership (% of firms)","IC.FRM.FEMO.ZS","Moldova","MDA","2009","53.100",""
"Firms with female participation in ownership (% of firms)","IC.FRM.FEMO.ZS","Moldova","MDA","2005","24.500",""
"Firms with female participation in ownership (% of firms)","IC.FRM.FEMO.ZS","Mongolia","MNG","2019","43.700",""
"Firms with female participation in ownership (% of firms)","IC.FRM.FEMO.ZS","Mongolia","MNG","2013","36.100",""
"Firms with female participation in ownership (% of firms)","IC.FRM.FEMO.ZS","Mongolia","MNG","2009","52.000",""
"Firms with female participation in ownership (% of firms)","IC.FRM.FEMO.ZS","Montenegro","MNE","2023","24.000",""
"Firms with female participation in ownership (% of firms)","IC.FRM.FEMO.ZS","Montenegro","MNE","2019","24.000",""
"Firms with female participation in ownership (% of firms)","IC.FRM.FEMO.ZS","Montenegro","MNE","2013","25.600",""
"Firms with female participation in ownership (% of firms)","IC.FRM.FEMO.ZS","Montenegro","MNE","2009","26.000",""
"Firms with female participation in ownership (% of firms)","IC.FRM.FEMO.ZS","Morocco","MAR","2023","12.300",""
"Firms with female participation in ownership (% of firms)","IC.FRM.FEMO.ZS","Morocco","MAR","2019","16.100",""
"Firms with female participation in ownership (% of firms)","IC.FRM.FEMO.ZS","Morocco","MAR","2013","31.300",""
"Firms with female participation in ownership (% of firms)","IC.FRM.FEMO.ZS","Morocco","MAR","2007","13.100",""
"Firms with female participation in ownership (% of firms)","IC.FRM.FEMO.ZS","Mozambique","MOZ","2018","28.300",""
"Firms with female participation in ownership (% of firms)","IC.FRM.FEMO.ZS","Mozambique","MOZ","2007","24.400",""
"Firms with female participation in ownership (% of firms)","IC.FRM.FEMO.ZS","Myanmar","MMR","2016","35.100",""
"Firms with female participation in ownership (% of firms)","IC.FRM.FEMO.ZS","Myanmar","MMR","2014","27.300",""
"Firms with female participation in ownership (% of firms)","IC.FRM.FEMO.ZS","Namibia","NAM","2014","41.000",""
"Firms with female participation in ownership (% of firms)","IC.FRM.FEMO.ZS","Namibia","NAM","2006","33.400",""
"Firms with female participation in ownership (% of firms)","IC.FRM.FEMO.ZS","Nepal","NPL","2023","14.700",""
"Firms with female participation in ownership (% of firms)","IC.FRM.FEMO.ZS","Nepal","NPL","2013","21.800",""
"Firms with female participation in ownership (% of firms)","IC.FRM.FEMO.ZS","Nepal","NPL","2009","27.300",""
"Firms with female participation in ownership (% of firms)","IC.FRM.FEMO.ZS","Netherlands","NLD","2020","35.000",""
"Firms with female participation in ownership (% of firms)","IC.FRM.FEMO.ZS","New Zealand","NZL","2023","58.200",""
"Firms with female participation in ownership (% of firms)","IC.FRM.FEMO.ZS","Nicaragua","NIC","2016","35.800",""
"Firms with female participation in ownership (% of firms)","IC.FRM.FEMO.ZS","Nicaragua","NIC","2010","61.900",""
"Firms with female participation in ownership (% of firms)","IC.FRM.FEMO.ZS","Nicaragua","NIC","2006","41.400",""
"Firms with female participation in ownership (% of firms)","IC.FRM.FEMO.ZS","Niger","NER","2017","14.500",""
"Firms with female participation in ownership (% of firms)","IC.FRM.FEMO.ZS","Niger","NER","2009","17.600",""
"Firms with female participation in ownership (% of firms)","IC.FRM.FEMO.ZS","Niger","NER","2006","10.000",""
"Firms with female participation in ownership (% of firms)","IC.FRM.FEMO.ZS","Nigeria","NGA","2014","16.200",""
"Firms with female participation in ownership (% of firms)","IC.FRM.FEMO.ZS","Nigeria","NGA","2007","20.000",""
"Firms with female participation in ownership (% of firms)","IC.FRM.FEMO.ZS","North Macedonia","MKD","2023","20.600",""
"Firms with female participation in ownership (% of firms)","IC.FRM.FEMO.ZS","North Macedonia","MKD","2019","29.300",""
"Firms with female participation in ownership (% of firms)","IC.FRM.FEMO.ZS","North Macedonia","MKD","2013","27.700",""
"Firms with female participation in ownership (% of firms)","IC.FRM.FEMO.ZS","North Macedonia","MKD","2009","36.400",""
"Firms with female participation in ownership (% of firms)","IC.FRM.FEMO.ZS","North Macedonia","MKD","2005","18.600",""
"Firms with female participation in ownership (% of firms)","IC.FRM.FEMO.ZS","Pakistan","PAK","2022","4.900",""
"Firms with female participation in ownership (% of firms)","IC.FRM.FEMO.ZS","Pakistan","PAK","2013","11.800",""
"Firms with female participation in ownership (% of firms)","IC.FRM.FEMO.ZS","Pakistan","PAK","2007","6.700",""
"Firms with female participation in ownership (% of firms)","IC.FRM.FEMO.ZS","Panama","PAN","2010","24.700",""
"Firms with female participation in ownership (% of firms)","IC.FRM.FEMO.ZS","Panama","PAN","2006","37.100",""
"Firms with female participation in ownership (% of firms)","IC.FRM.FEMO.ZS","Papua New Guinea","PNG","2015","46.500",""
"Firms with female participation in ownership (% of firms)","IC.FRM.FEMO.ZS","Paraguay","PRY","2023","63.400",""
"Firms with female participation in ownership (% of firms)","IC.FRM.FEMO.ZS","Paraguay","PRY","2017","66.200",""
"Firms with female participation in ownership (% of firms)","IC.FRM.FEMO.ZS","Paraguay","PRY","2010","51.600",""
"Firms with female participation in ownership (% of firms)","IC.FRM.FEMO.ZS","Paraguay","PRY","2006","44.800",""
"Firms with female participation in ownership (% of firms)","IC.FRM.FEMO.ZS","Peru","PER","2023","55.300",""
"Firms with female participation in ownership (% of firms)","IC.FRM.FEMO.ZS","Peru","PER","2017","56.600",""
"Firms with female participation in ownership (% of firms)","IC.FRM.FEMO.ZS","Peru","PER","2010","28.700",""
"Firms with female participation in ownership (% of firms)","IC.FRM.FEMO.ZS","Peru","PER","2006","32.800",""
"Firms with female participation in ownership (% of firms)","IC.FRM.FEMO.ZS","Philippines","PHL","2023","56.700",""
"Firms with female participation in ownership (% of firms)","IC.FRM.FEMO.ZS","Philippines","PHL","2015","69.200",""
"Firms with female participation in ownership (% of firms)","IC.FRM.FEMO.ZS","Philippines","PHL","2009","69.400",""
"Firms with female participation in ownership (% of firms)","IC.FRM.FEMO.ZS","Poland","POL","2019","37.000",""
"Firms with female participation in ownership (% of firms)","IC.FRM.FEMO.ZS","Poland","POL","2013","40.200",""
"Firms with female participation in ownership (% of firms)","IC.FRM.FEMO.ZS","Poland","POL","2009","47.900",""
"Firms with female participation in ownership (% of firms)","IC.FRM.FEMO.ZS","Poland","POL","2005","30.700",""
"Firms with female participation in ownership (% of firms)","IC.FRM.FEMO.ZS","Portugal","PRT","2023","47.800",""
"Firms with female participation in ownership (% of firms)","IC.FRM.FEMO.ZS","Portugal","PRT","2019","37.800",""
"Firms with female participation in ownership (% of firms)","IC.FRM.FEMO.ZS","Portugal","PRT","2005","50.800",""
"Firms with female participation in ownership (% of firms)","IC.FRM.FEMO.ZS","Romania","ROU","2023","26.700",""
"Firms with female participation in ownership (% of firms)","IC.FRM.FEMO.ZS","Romania","ROU","2019","32.400",""
"Firms with female participation in ownership (% of firms)","IC.FRM.FEMO.ZS","Romania","ROU","2013","47.200",""
"Firms with female participation in ownership (% of firms)","IC.FRM.FEMO.ZS","Romania","ROU","2009","47.900",""
"Firms with female participation in ownership (% of firms)","IC.FRM.FEMO.ZS","Romania","ROU","2005","26.100",""
"Firms with female participation in ownership (% of firms)","IC.FRM.FEMO.ZS","Russian Federation","RUS","2019","34.000",""
"Firms with female participation in ownership (% of firms)","IC.FRM.FEMO.ZS","Russian Federation","RUS","2012","28.500",""
"Firms with female participation in ownership (% of firms)","IC.FRM.FEMO.ZS","Russian Federation","RUS","2009","33.100",""
"Firms with female participation in ownership (% of firms)","IC.FRM.FEMO.ZS","Russian Federation","RUS","2005","23.900",""
"Firms with female participation in ownership (% of firms)","IC.FRM.FEMO.ZS","Rwanda","RWA","2023","37.800",""
"Firms with female participation in ownership (% of firms)","IC.FRM.FEMO.ZS","Rwanda","RWA","2019","26.500",""
"Firms with female participation in ownership (% of firms)","IC.FRM.FEMO.ZS","Rwanda","RWA","2011","42.700",""
"Firms with female participation in ownership (% of firms)","IC.FRM.FEMO.ZS","Rwanda","RWA","2006","41.000",""
"Firms with female participation in ownership (% of firms)","IC.FRM.FEMO.ZS","Samoa","WSM","2023","54.900",""
"Firms with female participation in ownership (% of firms)","IC.FRM.FEMO.ZS","Samoa","WSM","2009","79.800",""
"Firms with female participation in ownership (% of firms)","IC.FRM.FEMO.ZS","Saudi Arabia","SAU","2022","4.900",""
"Firms with female participation in ownership (% of firms)","IC.FRM.FEMO.ZS","Senegal","SEN","2014","22.900",""
"Firms with female participation in ownership (% of firms)","IC.FRM.FEMO.ZS","Senegal","SEN","2007","26.300",""
"Firms with female participation in ownership (% of firms)","IC.FRM.FEMO.ZS","Serbia","SRB","2019","28.500",""
"Firms with female participation in ownership (% of firms)","IC.FRM.FEMO.ZS","Serbia","SRB","2013","34.900",""
"Firms with female participation in ownership (% of firms)","IC.FRM.FEMO.ZS","Serbia","SRB","2009","28.800",""
"Firms with female participation in ownership (% of firms)","IC.FRM.FEMO.ZS","Serbia","SRB","2005","23.000",""
"Firms with female participation in ownership (% of firms)","IC.FRM.FEMO.ZS","Seychelles","SYC","2023","60.600",""
"Firms with female participation in ownership (% of firms)","IC.FRM.FEMO.ZS","Sierra Leone","SLE","2023","19.100",""
"Firms with female participation in ownership (% of firms)","IC.FRM.FEMO.ZS","Sierra Leone","SLE","2017","18.800",""
"Firms with female participation in ownership (% of firms)","IC.FRM.FEMO.ZS","Sierra Leone","SLE","2009","7.900",""
"Firms with female participation in ownership (% of firms)","IC.FRM.FEMO.ZS","Singapore","SGP","2023","35.900",""
"Firms with female participation in ownership (% of firms)","IC.FRM.FEMO.ZS","Slovak Republic","SVK","2023","25.600",""
"Firms with female participation in ownership (% of firms)","IC.FRM.FEMO.ZS","Slovak Republic","SVK","2019","28.900",""
"Firms with female participation in ownership (% of firms)","IC.FRM.FEMO.ZS","Slovak Republic","SVK","2013","29.700",""
"Firms with female participation in ownership (% of firms)","IC.FRM.FEMO.ZS","Slovak Republic","SVK","2009","29.600",""
"Firms with female participation in ownership (% of firms)","IC.FRM.FEMO.ZS","Slovak Republic","SVK","2005","11.800",""
"Firms with female participation in ownership (% of firms)","IC.FRM.FEMO.ZS","Slovenia","SVN","2019","34.100",""
"Firms with female participation in ownership (% of firms)","IC.FRM.FEMO.ZS","Slovenia","SVN","2013","38.500",""
"Firms with female participation in ownership (% of firms)","IC.FRM.FEMO.ZS","Slovenia","SVN","2009","42.200",""
"Firms with female participation in ownership (% of firms)","IC.FRM.FEMO.ZS","Slovenia","SVN","2005","29.100",""
"Firms with female participation in ownership (% of firms)","IC.FRM.FEMO.ZS","Solomon Islands","SLB","2015","47.400",""
"Firms with female participation in ownership (% of firms)","IC.FRM.FEMO.ZS","South Africa","ZAF","2020","10.600",""
"Firms with female participation in ownership (% of firms)","IC.FRM.FEMO.ZS","South Africa","ZAF","2007","22.600",""
"Firms with female participation in ownership (% of firms)","IC.FRM.FEMO.ZS","South Sudan","SSD","2014","21.900",""
"Firms with female participation in ownership (% of firms)","IC.FRM.FEMO.ZS","Spain","ESP","2021","61.800",""
"Firms with female participation in ownership (% of firms)","IC.FRM.FEMO.ZS","Spain","ESP","2005","34.100",""
"Firms with female participation in ownership (% of firms)","IC.FRM.FEMO.ZS","Sri Lanka","LKA","2011","26.100",""
"Firms with female participation in ownership (% of firms)","IC.FRM.FEMO.ZS","St. Kitts and Nevis","KNA","2010","57.800",""
"Firms with female participation in ownership (% of firms)","IC.FRM.FEMO.ZS","St. Lucia","LCA","2010","32.100",""
"Firms with female participation in ownership (% of firms)","IC.FRM.FEMO.ZS","St. Vincent and the Grenadines","VCT","2010","76.000",""
"Firms with female participation in ownership (% of firms)","IC.FRM.FEMO.ZS","Sudan","SDN","2014","8.200",""
"Firms with female participation in ownership (% of firms)","IC.FRM.FEMO.ZS","Suriname","SUR","2018","32.700",""
"Firms with female participation in ownership (% of firms)","IC.FRM.FEMO.ZS","Suriname","SUR","2010","18.300",""
"Firms with female participation in ownership (% of firms)","IC.FRM.FEMO.ZS","Sweden","SWE","2020","37.300",""
"Firms with female participation in ownership (% of firms)","IC.FRM.FEMO.ZS","Sweden","SWE","2014","52.500",""
"Firms with female participation in ownership (% of firms)","IC.FRM.FEMO.ZS","Syrian Arab Republic","SYR","2009","14.400",""
"Firms with female participation in ownership (% of firms)","IC.FRM.FEMO.ZS","Tajikistan","TJK","2019","22.700",""
"Firms with female participation in ownership (% of firms)","IC.FRM.FEMO.ZS","Tajikistan","TJK","2013","32.500",""
"Firms with female participation in ownership (% of firms)","IC.FRM.FEMO.ZS","Tajikistan","TJK","2008","34.400",""
"Firms with female participation in ownership (% of firms)","IC.FRM.FEMO.ZS","Tajikistan","TJK","2005","14.400",""
"Firms with female participation in ownership (% of firms)","IC.FRM.FEMO.ZS","Tanzania","TZA","2023","13.200",""
"Firms with female participation in ownership (% of firms)","IC.FRM.FEMO.ZS","Tanzania","TZA","2013","24.700",""
"Firms with female participation in ownership (% of firms)","IC.FRM.FEMO.ZS","Tanzania","TZA","2006","30.900",""
"Firms with female participation in ownership (% of firms)","IC.FRM.FEMO.ZS","Thailand","THA","2016","64.400",""
"Firms with female participation in ownership (% of firms)","IC.FRM.FEMO.ZS","Timor-Leste","TLS","2021","26.900",""
"Firms with female participation in ownership (% of firms)","IC.FRM.FEMO.ZS","Timor-Leste","TLS","2015","64.400",""
"Firms with female participation in ownership (% of firms)","IC.FRM.FEMO.ZS","Timor-Leste","TLS","2009","42.900",""
"Firms with female participation in ownership (% of firms)","IC.FRM.FEMO.ZS","Togo","TGO","2023","25.000",""
"Firms with female participation in ownership (% of firms)","IC.FRM.FEMO.ZS","Togo","TGO","2016","25.300",""
"Firms with female participation in ownership (% of firms)","IC.FRM.FEMO.ZS","Togo","TGO","2009","31.800",""
"Firms with female participation in ownership (% of firms)","IC.FRM.FEMO.ZS","Tonga","TON","2009","65.300",""
"Firms with female participation in ownership (% of firms)","IC.FRM.FEMO.ZS","Trinidad and Tobago","TTO","2010","45.100",""
"Firms with female participation in ownership (% of firms)","IC.FRM.FEMO.ZS","Tunisia","TUN","2020","40.100",""
"Firms with female participation in ownership (% of firms)","IC.FRM.FEMO.ZS","Tunisia","TUN","2013","49.500",""
"Firms with female participation in ownership (% of firms)","IC.FRM.FEMO.ZS","Turkiye","TUR","2019","11.300",""
"Firms with female participation in ownership (% of firms)","IC.FRM.FEMO.ZS","Turkiye","TUR","2013","25.100",""
"Firms with female participation in ownership (% of firms)","IC.FRM.FEMO.ZS","Turkiye","TUR","2008","40.700",""
"Firms with female participation in ownership (% of firms)","IC.FRM.FEMO.ZS","Turkiye","TUR","2005","11.400",""
"Firms with female participation in ownership (% of firms)","IC.FRM.FEMO.ZS","Turkiye","TUR","2004","9.000",""
"Firms with female participation in ownership (% of firms)","IC.FRM.FEMO.ZS","Uganda","UGA","2013","26.600",""
"Firms with female participation in ownership (% of firms)","IC.FRM.FEMO.ZS","Uganda","UGA","2006","34.700",""
"Firms with female participation in ownership (% of firms)","IC.FRM.FEMO.ZS","Ukraine","UKR","2019","38.600",""
"Firms with female participation in ownership (% of firms)","IC.FRM.FEMO.ZS","Ukraine","UKR","2013","32.200",""
"Firms with female participation in ownership (% of firms)","IC.FRM.FEMO.ZS","Ukraine","UKR","2008","47.100",""
"Firms with female participation in ownership (% of firms)","IC.FRM.FEMO.ZS","Ukraine","UKR","2005","27.100",""
"Firms with female participation in ownership (% of firms)","IC.FRM.FEMO.ZS","Uruguay","URY","2017","37.000",""
"Firms with female participation in ownership (% of firms)","IC.FRM.FEMO.ZS","Uruguay","URY","2010","23.100",""
"Firms with female participation in ownership (% of firms)","IC.FRM.FEMO.ZS","Uruguay","URY","2006","41.600",""
"Firms with female participation in ownership (% of firms)","IC.FRM.FEMO.ZS","Uzbekistan","UZB","2019","25.900",""
"Firms with female participation in ownership (% of firms)","IC.FRM.FEMO.ZS","Uzbekistan","UZB","2013","29.000",""
"Firms with female participation in ownership (% of firms)","IC.FRM.FEMO.ZS","Uzbekistan","UZB","2008","39.800",""
"Firms with female participation in ownership (% of firms)","IC.FRM.FEMO.ZS","Uzbekistan","UZB","2005","14.500",""
"Firms with female participation in ownership (% of firms)","IC.FRM.FEMO.ZS","Vanuatu","VUT","2023","42.200",""
"Firms with female participation in ownership (% of firms)","IC.FRM.FEMO.ZS","Vanuatu","VUT","2009","51.400",""
"Firms with female participation in ownership (% of firms)","IC.FRM.FEMO.ZS","Venezuela, RB","VEN","2010","30.700",""
"Firms with female participation in ownership (% of firms)","IC.FRM.FEMO.ZS","Viet Nam","VNM","2023","24.800",""
"Firms with female participation in ownership (% of firms)","IC.FRM.FEMO.ZS","Viet Nam","VNM","2015","51.100",""
"Firms with female participation in ownership (% of firms)","IC.FRM.FEMO.ZS","Viet Nam","VNM","2009","59.200",""
"Firms with female participation in ownership (% of firms)","IC.FRM.FEMO.ZS","West Bank and Gaza","PSE","2023","11.800",""
"Firms with female participation in ownership (% of firms)","IC.FRM.FEMO.ZS","West Bank and Gaza","PSE","2019","6.000",""
"Firms with female participation in ownership (% of firms)","IC.FRM.FEMO.ZS","West Bank and Gaza","PSE","2013","10.700",""
"Firms with female participation in ownership (% of firms)","IC.FRM.FEMO.ZS","West Bank and Gaza","PSE","2006","18.000",""
"Firms with female participation in ownership (% of firms)","IC.FRM.FEMO.ZS","Yemen, Rep.","YEM","2013","6.600",""
"Firms with female participation in ownership (% of firms)","IC.FRM.FEMO.ZS","Yemen, Rep.","YEM","2010","6.400",""
"Firms with female participation in ownership (% of firms)","IC.FRM.FEMO.ZS","Zambia","ZMB","2019","41.500",""
"Firms with female participation in ownership (% of firms)","IC.FRM.FEMO.ZS","Zambia","ZMB","2013","43.700",""
"Firms with female participation in ownership (% of firms)","IC.FRM.FEMO.ZS","Zambia","ZMB","2007","37.200",""
"Firms with female participation in ownership (% of firms)","IC.FRM.FEMO.ZS","Zimbabwe","ZWE","2016","42.500",""
"Firms with female participation in ownership (% of firms)","IC.FRM.FEMO.ZS","Zimbabwe","ZWE","2011","56.200",""
